district_id,department,district,path,onda1_blocos_1a5,onda1_min10_afirmacoes_com_fonte_data,onda1_indicadores_minimos,onda1_status,onda2_notas_AE_justificadas,onda2_gss_rastreavel,onda2_sensibilidade,onda2_vulnerabilidade_mitigacao_data_driven,onda2_status,onda3_midia_local_especifica,onda3_sintese_textual_final,onda3_pronto_publicacao_local,onda3_status,status_geral,notes
00_Distrito_Capital-Asuncion,00_Distrito_Capital,Asuncion,Departamentos/00_Distrito_Capital/Asuncion,done,done,done,done,done,done,done,done,done,done,done,done,done,done,"Midia validada (3 arquivos), redacao final publicada e QA local aprovado (GSS 6.5)."
01_Concepcion-Arroyito,01_Concepcion,Arroyito,Departamentos/01_Concepcion/Arroyito,done,done,done,done,done,done,done,done,done,done,done,done,done,done,"Midia validada (3 arquivos), redacao final publicada e QA local aprovado (GSS 7.3)."
01_Concepcion-Azotey,01_Concepcion,Azotey,Departamentos/01_Concepcion/Azotey,done,done,done,done,done,done,done,done,done,done,done,done,done,done,"Midia validada (3 arquivos), redacao final publicada e QA local aprovado (GSS 5.3)."
01_Concepcion-Belen,01_Concepcion,Belen,Departamentos/01_Concepcion/Belen,done,done,done,done,done,done,done,done,done,done,done,done,done,done,"Midia validada (3 arquivos), redacao final publicada e QA local aprovado (GSS 7.2)."
01_Concepcion-Concepcion,01_Concepcion,Concepcion,Departamentos/01_Concepcion/Concepcion,done,done,done,done,done,done,done,done,done,done,done,done,done,done,"Midia validada (3 arquivos), redacao final publicada e QA local aprovado (GSS 6.7)."
01_Concepcion-Horqueta,01_Concepcion,Horqueta,Departamentos/01_Concepcion/Horqueta,done,done,done,done,done,done,done,done,done,done,done,done,done,done,"Midia validada (3 arquivos), redacao final publicada e QA local aprovado (GSS 8.5)."
01_Concepcion-Itacua,01_Concepcion,Itacua,Departamentos/01_Concepcion/Itacua,done,done,done,done,done,done,done,done,done,done,done,done,done,done,"Midia validada (3 arquivos), redacao final publicada e QA local aprovado (GSS 5.6)."
01_Concepcion-Loreto,01_Concepcion,Loreto,Departamentos/01_Concepcion/Loreto,done,done,done,done,done,done,done,done,done,done,done,done,done,done,"Midia validada (3 arquivos), redacao final publicada e QA local aprovado (GSS 7.9)."
01_Concepcion-Paso_Barreto,01_Concepcion,Paso_Barreto,Departamentos/01_Concepcion/Paso_Barreto,done,done,done,done,done,done,done,done,done,done,done,done,done,done,"Midia validada (3 arquivos), redacao final publicada e QA local aprovado (GSS 7.0)."
01_Concepcion-Paso_Horqueta,01_Concepcion,Paso_Horqueta,Departamentos/01_Concepcion/Paso_Horqueta,done,done,done,done,done,done,done,done,done,done,done,done,done,done,"Midia validada (3 arquivos), redacao final publicada e QA local aprovado (GSS 8.0)."
01_Concepcion-San_Alfredo,01_Concepcion,San_Alfredo,Departamentos/01_Concepcion/San_Alfredo,done,done,done,done,done,done,done,done,done,done,done,done,done,done,"Midia validada (3 arquivos), redacao final publicada e QA local aprovado (GSS 6.7)."
01_Concepcion-San_Carlos_del_Apa,01_Concepcion,San_Carlos_del_Apa,Departamentos/01_Concepcion/San_Carlos_del_Apa,done,done,done,done,done,done,done,done,done,done,done,done,done,done,"Midia validada (3 arquivos), redacao final publicada e QA local aprovado (GSS 6.4)."
01_Concepcion-San_Lazaro,01_Concepcion,San_Lazaro,Departamentos/01_Concepcion/San_Lazaro,done,done,done,done,done,done,done,done,done,done,done,done,done,done,"Midia validada (3 arquivos), redacao final publicada e QA local aprovado (GSS 6.5)."
01_Concepcion-Sargento_Jose_Felix_Lopez,01_Concepcion,Sargento_Jose_Felix_Lopez,Departamentos/01_Concepcion/Sargento_Jose_Felix_Lopez,done,done,done,done,done,done,done,done,done,done,done,done,done,done,"Midia validada (3 arquivos), redacao final publicada e QA local aprovado (GSS 5.6)."
01_Concepcion-Yby_Yau,01_Concepcion,Yby_Yau,Departamentos/01_Concepcion/Yby_Yau,done,done,done,done,done,done,done,done,done,done,done,done,done,done,"Midia validada (3 arquivos), redacao final publicada e QA local aprovado (GSS 6.5)."
02_San_Pedro-25_de_Diciembre,02_San_Pedro,25_de_Diciembre,Departamentos/02_San_Pedro/25_de_Diciembre,done,done,done,done,done,done,done,done,done,done,done,done,done,done,"Midia validada (3 arquivos), redacao final publicada e QA local aprovado (GSS 6.9)."
02_San_Pedro-Antequera,02_San_Pedro,Antequera,Departamentos/02_San_Pedro/Antequera,done,done,done,done,done,done,done,done,done,done,done,done,done,done,"Midia validada (3 arquivos), redacao final publicada e QA local aprovado (GSS 6.9)."
02_San_Pedro-Capiibary,02_San_Pedro,Capiibary,Departamentos/02_San_Pedro/Capiibary,done,done,done,done,done,done,done,done,done,done,done,done,done,done,"Midia validada (3 arquivos), redacao final publicada e QA local aprovado (GSS 7.9)."
02_San_Pedro-Chore,02_San_Pedro,Chore,Departamentos/02_San_Pedro/Chore,done,done,done,done,done,done,done,done,done,done,done,done,done,done,"Midia validada (3 arquivos), redacao final publicada e QA local aprovado (GSS 6.0)."
02_San_Pedro-General_Elizardo_Aquino,02_San_Pedro,General_Elizardo_Aquino,Departamentos/02_San_Pedro/General_Elizardo_Aquino,done,done,done,done,done,done,done,done,done,done,done,done,done,done,"Midia validada (3 arquivos), redacao final publicada e QA local aprovado (GSS 6.3)."
02_San_Pedro-General_Resquin,02_San_Pedro,General_Resquin,Departamentos/02_San_Pedro/General_Resquin,done,done,done,done,done,done,done,done,done,done,done,done,done,done,"Midia validada (3 arquivos), redacao final publicada e QA local aprovado (GSS 8.0)."
02_San_Pedro-Guayaibi,02_San_Pedro,Guayaibi,Departamentos/02_San_Pedro/Guayaibi,done,done,done,done,done,done,done,done,done,done,done,done,done,done,"Midia validada (3 arquivos), redacao final publicada e QA local aprovado (GSS 7.2)."
02_San_Pedro-Itacurubi,02_San_Pedro,Itacurubi,Departamentos/02_San_Pedro/Itacurubi,done,done,done,done,done,done,done,done,done,done,done,done,done,done,"Midia validada (3 arquivos), redacao final publicada e QA local aprovado (GSS 7.3)."
02_San_Pedro-Itacurubi_del_Rosario,02_San_Pedro,Itacurubi_del_Rosario,Departamentos/02_San_Pedro/Itacurubi_del_Rosario,done,done,done,done,done,done,done,done,done,done,done,done,done,done,"Midia validada (3 arquivos), redacao final publicada e QA local aprovado (GSS 8.0)."
02_San_Pedro-Liberacion,02_San_Pedro,Liberacion,Departamentos/02_San_Pedro/Liberacion,done,done,done,done,done,done,done,done,done,done,done,done,done,done,"Midia validada (3 arquivos), redacao final publicada e QA local aprovado (GSS 6.3)."
02_San_Pedro-Lima,02_San_Pedro,Lima,Departamentos/02_San_Pedro/Lima,done,done,done,done,done,done,done,done,done,done,done,done,done,done,"Midia validada (3 arquivos), redacao final publicada e QA local aprovado (GSS 5.7)."
02_San_Pedro-Nueva_Germania,02_San_Pedro,Nueva_Germania,Departamentos/02_San_Pedro/Nueva_Germania,done,done,done,done,done,done,done,done,done,done,done,done,done,done,"Midia validada (3 arquivos), redacao final publicada e QA local aprovado (GSS 7.5)."
02_San_Pedro-San_Estanislao,02_San_Pedro,San_Estanislao,Departamentos/02_San_Pedro/San_Estanislao,done,done,done,done,done,done,done,done,done,done,done,done,done,done,"Midia validada (3 arquivos), redacao final publicada e QA local aprovado (GSS 6.3)."
02_San_Pedro-San_Pablo,02_San_Pedro,San_Pablo,Departamentos/02_San_Pedro/San_Pablo,done,done,done,done,done,done,done,done,done,done,done,done,done,done,"Midia validada (3 arquivos), redacao final publicada e QA local aprovado (GSS 6.1)."
02_San_Pedro-San_Pedro_de_Ycuamandiyu,02_San_Pedro,San_Pedro_de_Ycuamandiyu,Departamentos/02_San_Pedro/San_Pedro_de_Ycuamandiyu,done,done,done,done,done,done,done,done,done,done,done,done,done,done,"Midia validada (3 arquivos), redacao final publicada e QA local aprovado (GSS 7.7)."
02_San_Pedro-San_Vicente_Pancholo,02_San_Pedro,San_Vicente_Pancholo,Departamentos/02_San_Pedro/San_Vicente_Pancholo,done,done,done,done,done,done,done,done,done,done,done,done,done,done,"Midia validada (3 arquivos), redacao final publicada e QA local aprovado (GSS 8.3)."
02_San_Pedro-Santa_Rosa_del_Aguaray,02_San_Pedro,Santa_Rosa_del_Aguaray,Departamentos/02_San_Pedro/Santa_Rosa_del_Aguaray,done,done,done,done,done,done,done,done,done,done,done,done,done,done,"Midia validada (3 arquivos), redacao final publicada e QA local aprovado (GSS 6.6)."
02_San_Pedro-Tacuati,02_San_Pedro,Tacuati,Departamentos/02_San_Pedro/Tacuati,done,done,done,done,done,done,done,done,done,done,done,done,done,done,"Midia validada (3 arquivos), redacao final publicada e QA local aprovado (GSS 7.8)."
02_San_Pedro-Union,02_San_Pedro,Union,Departamentos/02_San_Pedro/Union,done,done,done,done,done,done,done,done,done,done,done,done,done,done,"Midia validada (3 arquivos), redacao final publicada e QA local aprovado (GSS 7.0)."
02_San_Pedro-Villa_del_Rosario,02_San_Pedro,Villa_del_Rosario,Departamentos/02_San_Pedro/Villa_del_Rosario,done,done,done,done,done,done,done,done,done,done,done,done,done,done,"Midia validada (3 arquivos), redacao final publicada e QA local aprovado (GSS 8.0)."
02_San_Pedro-Yataity_del_Norte,02_San_Pedro,Yataity_del_Norte,Departamentos/02_San_Pedro/Yataity_del_Norte,done,done,done,done,done,done,done,done,done,done,done,done,done,done,"Midia validada (3 arquivos), redacao final publicada e QA local aprovado (GSS 6.9)."
02_San_Pedro-Yrybucua,02_San_Pedro,Yrybucua,Departamentos/02_San_Pedro/Yrybucua,done,done,done,done,done,done,done,done,done,done,done,done,done,done,"Midia validada (3 arquivos), redacao final publicada e QA local aprovado (GSS 6.8)."
03_Cordillera-Altos,03_Cordillera,Altos,Departamentos/03_Cordillera/Altos,done,done,done,done,done,done,done,done,done,done,done,done,done,done,"Midia validada (3 arquivos), redacao final publicada e QA local aprovado (GSS 8.9)."
03_Cordillera-Arroyos_y_Esteros,03_Cordillera,Arroyos_y_Esteros,Departamentos/03_Cordillera/Arroyos_y_Esteros,done,done,done,done,done,done,done,done,done,done,done,done,done,done,"Midia validada (3 arquivos), redacao final publicada e QA local aprovado (GSS 6.6)."
03_Cordillera-Caacupe,03_Cordillera,Caacupe,Departamentos/03_Cordillera/Caacupe,done,done,done,done,done,done,done,done,done,done,done,done,done,done,"Midia validada (3 arquivos), redacao final publicada e QA local aprovado (GSS 7.2)."
03_Cordillera-Caraguatay,03_Cordillera,Caraguatay,Departamentos/03_Cordillera/Caraguatay,done,done,done,done,done,done,done,done,done,done,done,done,done,done,"Midia validada (3 arquivos), redacao final publicada e QA local aprovado (GSS 8.0)."
03_Cordillera-Emboscada,03_Cordillera,Emboscada,Departamentos/03_Cordillera/Emboscada,done,done,done,done,done,done,done,done,done,done,done,done,done,done,"Midia validada (3 arquivos), redacao final publicada e QA local aprovado (GSS 6.8)."
03_Cordillera-Eusebio_Ayala,03_Cordillera,Eusebio_Ayala,Departamentos/03_Cordillera/Eusebio_Ayala,done,done,done,done,done,done,done,done,done,done,done,done,done,done,"Midia validada (3 arquivos), redacao final publicada e QA local aprovado (GSS 8.0)."
03_Cordillera-Isla_Pucu,03_Cordillera,Isla_Pucu,Departamentos/03_Cordillera/Isla_Pucu,done,done,done,done,done,done,done,done,done,done,done,done,done,done,"Midia validada (3 arquivos), redacao final publicada e QA local aprovado (GSS 6.1)."
03_Cordillera-Itacurubi_de_la_Cordillera,03_Cordillera,Itacurubi_de_la_Cordillera,Departamentos/03_Cordillera/Itacurubi_de_la_Cordillera,done,done,done,done,done,done,done,done,done,done,done,done,done,done,"Midia validada (3 arquivos), redacao final publicada e QA local aprovado (GSS 6.5)."
03_Cordillera-Juan_de_Mena,03_Cordillera,Juan_de_Mena,Departamentos/03_Cordillera/Juan_de_Mena,done,done,done,done,done,done,done,done,done,done,done,done,done,done,"Midia validada (3 arquivos), redacao final publicada e QA local aprovado (GSS 6.4)."
03_Cordillera-Loma_Grande,03_Cordillera,Loma_Grande,Departamentos/03_Cordillera/Loma_Grande,done,done,done,done,done,done,done,done,done,done,done,done,done,done,"Midia validada (3 arquivos), redacao final publicada e QA local aprovado (GSS 6.7)."
03_Cordillera-Mbocayaty_del_Yhaguy,03_Cordillera,Mbocayaty_del_Yhaguy,Departamentos/03_Cordillera/Mbocayaty_del_Yhaguy,done,done,done,done,done,done,done,done,done,done,done,done,done,done,"Midia validada (3 arquivos), redacao final publicada e QA local aprovado (GSS 6.0)."
03_Cordillera-Nueva_Colombia,03_Cordillera,Nueva_Colombia,Departamentos/03_Cordillera/Nueva_Colombia,done,done,done,done,done,done,done,done,done,done,done,done,done,done,"Midia validada (3 arquivos), redacao final publicada e QA local aprovado (GSS 6.4)."
03_Cordillera-Piribebuy,03_Cordillera,Piribebuy,Departamentos/03_Cordillera/Piribebuy,done,done,done,done,done,done,done,done,done,done,done,done,done,done,"Midia validada (3 arquivos), redacao final publicada e QA local aprovado (GSS 7.3)."
03_Cordillera-Primero_de_Marzo,03_Cordillera,Primero_de_Marzo,Departamentos/03_Cordillera/Primero_de_Marzo,done,done,done,done,done,done,done,done,done,done,done,done,done,done,"Midia validada (3 arquivos), redacao final publicada e QA local aprovado (GSS 6.4)."
03_Cordillera-San_Bernardino,03_Cordillera,San_Bernardino,Departamentos/03_Cordillera/San_Bernardino,done,done,done,done,done,done,done,done,done,done,done,done,done,done,"Midia validada (3 arquivos), redacao final publicada e QA local aprovado (GSS 6.7)."
03_Cordillera-San_Jose_de_los_Arroyos,03_Cordillera,San_Jose_de_los_Arroyos,Departamentos/03_Cordillera/San_Jose_de_los_Arroyos,done,done,done,done,done,done,done,done,done,done,done,done,done,done,"Midia validada (3 arquivos), redacao final publicada e QA local aprovado (GSS 8.6)."
03_Cordillera-Santa_Elena,03_Cordillera,Santa_Elena,Departamentos/03_Cordillera/Santa_Elena,done,done,done,done,done,done,done,done,done,done,done,done,done,done,"Midia validada (3 arquivos), redacao final publicada e QA local aprovado (GSS 7.1)."
03_Cordillera-Tobati,03_Cordillera,Tobati,Departamentos/03_Cordillera/Tobati,done,done,done,done,done,done,done,done,done,done,done,done,done,done,"Midia validada (3 arquivos), redacao final publicada e QA local aprovado (GSS 7.2)."
03_Cordillera-Valenzuela,03_Cordillera,Valenzuela,Departamentos/03_Cordillera/Valenzuela,done,done,done,done,done,done,done,done,done,done,done,done,done,done,"Midia validada (3 arquivos), redacao final publicada e QA local aprovado (GSS 6.4)."
04_Guaira-Borja,04_Guaira,Borja,Departamentos/04_Guaira/Borja,done,done,done,done,done,done,done,done,done,done,done,done,done,done,"Midia validada (3 arquivos), redacao final publicada e QA local aprovado (GSS 7.6)."
04_Guaira-Capitan_Mauricio_Jose_Troche,04_Guaira,Capitan_Mauricio_Jose_Troche,Departamentos/04_Guaira/Capitan_Mauricio_Jose_Troche,done,done,done,done,done,done,done,done,done,done,done,done,done,done,"Midia validada (3 arquivos), redacao final publicada e QA local aprovado (GSS 6.9)."
04_Guaira-Coronel_Martinez,04_Guaira,Coronel_Martinez,Departamentos/04_Guaira/Coronel_Martinez,done,done,done,done,done,done,done,done,done,done,done,done,done,done,"Midia validada (3 arquivos), redacao final publicada e QA local aprovado (GSS 5.2)."
04_Guaira-Doctor_Botrell,04_Guaira,Doctor_Botrell,Departamentos/04_Guaira/Doctor_Botrell,done,done,done,done,done,done,done,done,done,done,done,done,done,done,"Midia validada (3 arquivos), redacao final publicada e QA local aprovado (GSS 6.0)."
04_Guaira-Felix_Perez_Cardozo,04_Guaira,Felix_Perez_Cardozo,Departamentos/04_Guaira/Felix_Perez_Cardozo,done,done,done,done,done,done,done,done,done,done,done,done,done,done,"Midia validada (3 arquivos), redacao final publicada e QA local aprovado (GSS 7.4)."
04_Guaira-General_Eugenio_A_Garay,04_Guaira,General_Eugenio_A_Garay,Departamentos/04_Guaira/General_Eugenio_A_Garay,done,done,done,done,done,done,done,done,done,done,done,done,done,done,"Midia validada (3 arquivos), redacao final publicada e QA local aprovado (GSS 6.5)."
04_Guaira-Independencia,04_Guaira,Independencia,Departamentos/04_Guaira/Independencia,done,done,done,done,done,done,done,done,done,done,done,done,done,done,"Midia validada (3 arquivos), redacao final publicada e QA local aprovado (GSS 7.7)."
04_Guaira-Itape,04_Guaira,Itape,Departamentos/04_Guaira/Itape,done,done,done,done,done,done,done,done,done,done,done,done,done,done,"Midia validada (3 arquivos), redacao final publicada e QA local aprovado (GSS 6.6)."
04_Guaira-Iturbe,04_Guaira,Iturbe,Departamentos/04_Guaira/Iturbe,done,done,done,done,done,done,done,done,done,done,done,done,done,done,"Midia validada (3 arquivos), redacao final publicada e QA local aprovado (GSS 7.4)."
04_Guaira-Jose_Fassardi,04_Guaira,Jose_Fassardi,Departamentos/04_Guaira/Jose_Fassardi,done,done,done,done,done,done,done,done,done,done,done,done,done,done,"Midia validada (3 arquivos), redacao final publicada e QA local aprovado (GSS 7.0)."
04_Guaira-Mbocayaty_del_Guaira,04_Guaira,Mbocayaty_del_Guaira,Departamentos/04_Guaira/Mbocayaty_del_Guaira,done,done,done,done,done,done,done,done,done,done,done,done,done,done,"Midia validada (3 arquivos), redacao final publicada e QA local aprovado (GSS 8.6)."
04_Guaira-Natalicio_Talavera,04_Guaira,Natalicio_Talavera,Departamentos/04_Guaira/Natalicio_Talavera,done,done,done,done,done,done,done,done,done,done,done,done,done,done,"Midia validada (3 arquivos), redacao final publicada e QA local aprovado (GSS 6.3)."
04_Guaira-Numi,04_Guaira,Numi,Departamentos/04_Guaira/Numi,done,done,done,done,done,done,done,done,done,done,done,done,done,done,"Midia validada (3 arquivos), redacao final publicada e QA local aprovado (GSS 7.6)."
04_Guaira-Paso_Yobai,04_Guaira,Paso_Yobai,Departamentos/04_Guaira/Paso_Yobai,done,done,done,done,done,done,done,done,done,done,done,done,done,done,"Midia validada (3 arquivos), redacao final publicada e QA local aprovado (GSS 6.0)."
04_Guaira-San_Salvador,04_Guaira,San_Salvador,Departamentos/04_Guaira/San_Salvador,done,done,done,done,done,done,done,done,done,done,done,done,done,done,"Midia validada (3 arquivos), redacao final publicada e QA local aprovado (GSS 5.8)."
04_Guaira-Tebicuary,04_Guaira,Tebicuary,Departamentos/04_Guaira/Tebicuary,done,done,done,done,done,done,done,done,done,done,done,done,done,done,"Midia validada (3 arquivos), redacao final publicada e QA local aprovado (GSS 7.5)."
04_Guaira-Villarrica,04_Guaira,Villarrica,Departamentos/04_Guaira/Villarrica,done,done,done,done,done,done,done,done,done,done,done,done,done,done,"Midia validada (3 arquivos), redacao final publicada e QA local aprovado (GSS 6.5)."
04_Guaira-Yataity_del_Guaira,04_Guaira,Yataity_del_Guaira,Departamentos/04_Guaira/Yataity_del_Guaira,done,done,done,done,done,done,done,done,done,done,done,done,done,done,"Midia validada (3 arquivos), redacao final publicada e QA local aprovado (GSS 7.3)."
05_Caaguazu-Caaguazu,05_Caaguazu,Caaguazu,Departamentos/05_Caaguazu/Caaguazu,done,done,done,done,done,done,done,done,done,done,done,done,done,done,"Midia validada (3 arquivos), redacao final publicada e QA local aprovado (GSS 6.8)."
05_Caaguazu-Carayao,05_Caaguazu,Carayao,Departamentos/05_Caaguazu/Carayao,done,done,done,done,done,done,done,done,done,done,done,done,done,done,"Midia validada (3 arquivos), redacao final publicada e QA local aprovado (GSS 6.7)."
05_Caaguazu-Coronel_Oviedo,05_Caaguazu,Coronel_Oviedo,Departamentos/05_Caaguazu/Coronel_Oviedo,done,done,done,done,done,done,done,done,done,done,done,done,done,done,"Midia validada (3 arquivos), redacao final publicada e QA local aprovado (GSS 6.3)."
05_Caaguazu-Doctor_Cecilio_Baez,05_Caaguazu,Doctor_Cecilio_Baez,Departamentos/05_Caaguazu/Doctor_Cecilio_Baez,done,done,done,done,done,done,done,done,done,done,done,done,done,done,"Midia validada (3 arquivos), redacao final publicada e QA local aprovado (GSS 7.3)."
05_Caaguazu-Doctor_Eulogio_Estigarribia,05_Caaguazu,Doctor_Eulogio_Estigarribia,Departamentos/05_Caaguazu/Doctor_Eulogio_Estigarribia,done,done,done,done,done,done,done,done,done,done,done,done,done,done,"Midia validada (3 arquivos), redacao final publicada e QA local aprovado (GSS 6.9)."
05_Caaguazu-Doctor_Juan_Manuel_Frutos,05_Caaguazu,Doctor_Juan_Manuel_Frutos,Departamentos/05_Caaguazu/Doctor_Juan_Manuel_Frutos,done,done,done,done,done,done,done,done,done,done,done,done,done,done,"Midia validada (3 arquivos), redacao final publicada e QA local aprovado (GSS 7.7)."
05_Caaguazu-Jose_Domingo_Ocampos,05_Caaguazu,Jose_Domingo_Ocampos,Departamentos/05_Caaguazu/Jose_Domingo_Ocampos,done,done,done,done,done,done,done,done,done,done,done,done,done,done,"Midia validada (3 arquivos), redacao final publicada e QA local aprovado (GSS 6.4)."
05_Caaguazu-La_Pastora,05_Caaguazu,La_Pastora,Departamentos/05_Caaguazu/La_Pastora,done,done,done,done,done,done,done,done,done,done,done,done,done,done,"Midia validada (3 arquivos), redacao final publicada e QA local aprovado (GSS 7.0)."
05_Caaguazu-Mariscal_Francisco_Solano_Lopez,05_Caaguazu,Mariscal_Francisco_Solano_Lopez,Departamentos/05_Caaguazu/Mariscal_Francisco_Solano_Lopez,done,done,done,done,done,done,done,done,done,done,done,done,done,done,"Midia validada (3 arquivos), redacao final publicada e QA local aprovado (GSS 7.7)."
05_Caaguazu-Nueva_Londres,05_Caaguazu,Nueva_Londres,Departamentos/05_Caaguazu/Nueva_Londres,done,done,done,done,done,done,done,done,done,done,done,done,done,done,"Midia validada (3 arquivos), redacao final publicada e QA local aprovado (GSS 7.2)."
05_Caaguazu-Nueva_Toledo,05_Caaguazu,Nueva_Toledo,Departamentos/05_Caaguazu/Nueva_Toledo,done,done,done,done,done,done,done,done,done,done,done,done,done,done,"Midia validada (3 arquivos), redacao final publicada e QA local aprovado (GSS 5.7)."
05_Caaguazu-RI_Tres_Corrales,05_Caaguazu,RI_Tres_Corrales,Departamentos/05_Caaguazu/RI_Tres_Corrales,done,done,done,done,done,done,done,done,done,done,done,done,done,done,"Midia validada (3 arquivos), redacao final publicada e QA local aprovado (GSS 7.1)."
05_Caaguazu-Raul_Arsenio_Oviedo,05_Caaguazu,Raul_Arsenio_Oviedo,Departamentos/05_Caaguazu/Raul_Arsenio_Oviedo,done,done,done,done,done,done,done,done,done,done,done,done,done,done,"Midia validada (3 arquivos), redacao final publicada e QA local aprovado (GSS 6.5)."
05_Caaguazu-Repatriacion,05_Caaguazu,Repatriacion,Departamentos/05_Caaguazu/Repatriacion,done,done,done,done,done,done,done,done,done,done,done,done,done,done,"Midia validada (3 arquivos), redacao final publicada e QA local aprovado (GSS 6.7)."
05_Caaguazu-San_Joaquin,05_Caaguazu,San_Joaquin,Departamentos/05_Caaguazu/San_Joaquin,done,done,done,done,done,done,done,done,done,done,done,done,done,done,"Midia validada (3 arquivos), redacao final publicada e QA local aprovado (GSS 6.2)."
05_Caaguazu-San_Jose_de_los_Arroyos,05_Caaguazu,San_Jose_de_los_Arroyos,Departamentos/05_Caaguazu/San_Jose_de_los_Arroyos,done,done,done,done,done,done,done,done,done,done,done,done,done,done,"Midia validada (3 arquivos), redacao final publicada e QA local aprovado (GSS 6.3)."
05_Caaguazu-Santa_Rosa_del_Mbutuy,05_Caaguazu,Santa_Rosa_del_Mbutuy,Departamentos/05_Caaguazu/Santa_Rosa_del_Mbutuy,done,done,done,done,done,done,done,done,done,done,done,done,done,done,"Midia validada (3 arquivos), redacao final publicada e QA local aprovado (GSS 5.8)."
05_Caaguazu-Simon_Bolivar,05_Caaguazu,Simon_Bolivar,Departamentos/05_Caaguazu/Simon_Bolivar,done,done,done,done,done,done,done,done,done,done,done,done,done,done,"Midia validada (3 arquivos), redacao final publicada e QA local aprovado (GSS 7.3)."
05_Caaguazu-Tembiapora,05_Caaguazu,Tembiapora,Departamentos/05_Caaguazu/Tembiapora,done,done,done,done,done,done,done,done,done,done,done,done,done,done,"Midia validada (3 arquivos), redacao final publicada e QA local aprovado (GSS 6.5)."
05_Caaguazu-Tres_de_Febrero,05_Caaguazu,Tres_de_Febrero,Departamentos/05_Caaguazu/Tres_de_Febrero,done,done,done,done,done,done,done,done,done,done,done,done,done,done,"Midia validada (3 arquivos), redacao final publicada e QA local aprovado (GSS 5.9)."
05_Caaguazu-Vaqueria,05_Caaguazu,Vaqueria,Departamentos/05_Caaguazu/Vaqueria,done,done,done,done,done,done,done,done,done,done,done,done,done,done,"Midia validada (3 arquivos), redacao final publicada e QA local aprovado (GSS 5.9)."
05_Caaguazu-Yhu,05_Caaguazu,Yhu,Departamentos/05_Caaguazu/Yhu,done,done,done,done,done,done,done,done,done,done,done,done,done,done,"Midia validada (3 arquivos), redacao final publicada e QA local aprovado (GSS 6.1)."
06_Caazapa-3_de_Mayo,06_Caazapa,3_de_Mayo,Departamentos/06_Caazapa/3_de_Mayo,done,done,done,done,done,done,done,done,done,done,done,done,done,done,"Midia validada (3 arquivos), redacao final publicada e QA local aprovado (GSS 7.3)."
06_Caazapa-Abai,06_Caazapa,Abai,Departamentos/06_Caazapa/Abai,done,done,done,done,done,done,done,done,done,done,done,done,done,done,"Midia validada (3 arquivos), redacao final publicada e QA local aprovado (GSS 7.4)."
06_Caazapa-Buena_Vista,06_Caazapa,Buena_Vista,Departamentos/06_Caazapa/Buena_Vista,done,done,done,done,done,done,done,done,done,done,done,done,done,done,"Midia validada (3 arquivos), redacao final publicada e QA local aprovado (GSS 6.7)."
06_Caazapa-Caazapa,06_Caazapa,Caazapa,Departamentos/06_Caazapa/Caazapa,done,done,done,done,done,done,done,done,done,done,done,done,done,done,"Midia validada (3 arquivos), redacao final publicada e QA local aprovado (GSS 7.0)."
06_Caazapa-Doctor_Moises_Bertoni,06_Caazapa,Doctor_Moises_Bertoni,Departamentos/06_Caazapa/Doctor_Moises_Bertoni,done,done,done,done,done,done,done,done,done,done,done,done,done,done,"Midia validada (3 arquivos), redacao final publicada e QA local aprovado (GSS 6.7)."
06_Caazapa-Fulgencio_Yegros,06_Caazapa,Fulgencio_Yegros,Departamentos/06_Caazapa/Fulgencio_Yegros,done,done,done,done,done,done,done,done,done,done,done,done,done,done,"Midia validada (3 arquivos), redacao final publicada e QA local aprovado (GSS 7.7)."
06_Caazapa-General_Higinio_Morinigo,06_Caazapa,General_Higinio_Morinigo,Departamentos/06_Caazapa/General_Higinio_Morinigo,done,done,done,done,done,done,done,done,done,done,done,done,done,done,"Midia validada (3 arquivos), redacao final publicada e QA local aprovado (GSS 7.1)."
06_Caazapa-Maciel,06_Caazapa,Maciel,Departamentos/06_Caazapa/Maciel,done,done,done,done,done,done,done,done,done,done,done,done,done,done,"Midia validada (3 arquivos), redacao final publicada e QA local aprovado (GSS 7.4)."
06_Caazapa-San_Juan_Nepomuceno,06_Caazapa,San_Juan_Nepomuceno,Departamentos/06_Caazapa/San_Juan_Nepomuceno,done,done,done,done,done,done,done,done,done,done,done,done,done,done,"Midia validada (3 arquivos), redacao final publicada e QA local aprovado (GSS 5.7)."
06_Caazapa-Tavarai,06_Caazapa,Tavarai,Departamentos/06_Caazapa/Tavarai,done,done,done,done,done,done,done,done,done,done,done,done,done,done,"Midia validada (3 arquivos), redacao final publicada e QA local aprovado (GSS 8.3)."
06_Caazapa-Yuty,06_Caazapa,Yuty,Departamentos/06_Caazapa/Yuty,done,done,done,done,done,done,done,done,done,done,done,done,done,done,"Midia validada (3 arquivos), redacao final publicada e QA local aprovado (GSS 6.9)."
07_Itapua-Alto_Vera,07_Itapua,Alto_Vera,Departamentos/07_Itapua/Alto_Vera,done,done,done,done,done,done,done,done,done,done,done,done,done,done,"Midia validada (3 arquivos), redacao final publicada e QA local aprovado (GSS 8.0)."
07_Itapua-Bella_Vista,07_Itapua,Bella_Vista,Departamentos/07_Itapua/Bella_Vista,done,done,done,done,done,done,done,done,done,done,done,done,done,done,"Midia validada (3 arquivos), redacao final publicada e QA local aprovado (GSS 5.9)."
07_Itapua-Cambreta,07_Itapua,Cambreta,Departamentos/07_Itapua/Cambreta,done,done,done,done,done,done,done,done,done,done,done,done,done,done,"Midia validada (3 arquivos), redacao final publicada e QA local aprovado (GSS 5.9)."
07_Itapua-Capitan_Meza,07_Itapua,Capitan_Meza,Departamentos/07_Itapua/Capitan_Meza,done,done,done,done,done,done,done,done,done,done,done,done,done,done,"Midia validada (3 arquivos), redacao final publicada e QA local aprovado (GSS 5.8)."
07_Itapua-Capitan_Miranda,07_Itapua,Capitan_Miranda,Departamentos/07_Itapua/Capitan_Miranda,done,done,done,done,done,done,done,done,done,done,done,done,done,done,"Midia validada (3 arquivos), redacao final publicada e QA local aprovado (GSS 5.2)."
07_Itapua-Carlos_Antonio_Lopez,07_Itapua,Carlos_Antonio_Lopez,Departamentos/07_Itapua/Carlos_Antonio_Lopez,done,done,done,done,done,done,done,done,done,done,done,done,done,done,"Midia validada (3 arquivos), redacao final publicada e QA local aprovado (GSS 6.2)."
07_Itapua-Carmen_del_Parana,07_Itapua,Carmen_del_Parana,Departamentos/07_Itapua/Carmen_del_Parana,done,done,done,done,done,done,done,done,done,done,done,done,done,done,"Midia validada (3 arquivos), redacao final publicada e QA local aprovado (GSS 6.6)."
07_Itapua-Coronel_Bogado,07_Itapua,Coronel_Bogado,Departamentos/07_Itapua/Coronel_Bogado,done,done,done,done,done,done,done,done,done,done,done,done,done,done,"Midia validada (3 arquivos), redacao final publicada e QA local aprovado (GSS 7.0)."
07_Itapua-Edelira,07_Itapua,Edelira,Departamentos/07_Itapua/Edelira,done,done,done,done,done,done,done,done,done,done,done,done,done,done,"Midia validada (3 arquivos), redacao final publicada e QA local aprovado (GSS 6.6)."
07_Itapua-Encarnacion,07_Itapua,Encarnacion,Departamentos/07_Itapua/Encarnacion,done,done,done,done,done,done,done,done,done,done,done,done,done,done,"Midia validada (3 arquivos), redacao final publicada e QA local aprovado (GSS 6.5)."
07_Itapua-Fram,07_Itapua,Fram,Departamentos/07_Itapua/Fram,done,done,done,done,done,done,done,done,done,done,done,done,done,done,"Midia validada (3 arquivos), redacao final publicada e QA local aprovado (GSS 5.8)."
07_Itapua-General_Artigas,07_Itapua,General_Artigas,Departamentos/07_Itapua/General_Artigas,done,done,done,done,done,done,done,done,done,done,done,done,done,done,"Midia validada (3 arquivos), redacao final publicada e QA local aprovado (GSS 5.9)."
07_Itapua-General_Delgado,07_Itapua,General_Delgado,Departamentos/07_Itapua/General_Delgado,done,done,done,done,done,done,done,done,done,done,done,done,done,done,"Midia validada (3 arquivos), redacao final publicada e QA local aprovado (GSS 5.7)."
07_Itapua-Hohenau,07_Itapua,Hohenau,Departamentos/07_Itapua/Hohenau,done,done,done,done,done,done,done,done,done,done,done,done,done,done,"Midia validada (3 arquivos), redacao final publicada e QA local aprovado (GSS 7.1)."
07_Itapua-Itapua_Poty,07_Itapua,Itapua_Poty,Departamentos/07_Itapua/Itapua_Poty,done,done,done,done,done,done,done,done,done,done,done,done,done,done,"Midia validada (3 arquivos), redacao final publicada e QA local aprovado (GSS 8.1)."
07_Itapua-Jesus,07_Itapua,Jesus,Departamentos/07_Itapua/Jesus,done,done,done,done,done,done,done,done,done,done,done,done,done,done,"Midia validada (3 arquivos), redacao final publicada e QA local aprovado (GSS 6.3)."
07_Itapua-Jose_Leandro_Oviedo,07_Itapua,Jose_Leandro_Oviedo,Departamentos/07_Itapua/Jose_Leandro_Oviedo,done,done,done,done,done,done,done,done,done,done,done,done,done,done,"Midia validada (3 arquivos), redacao final publicada e QA local aprovado (GSS 6.6)."
07_Itapua-La_Paz,07_Itapua,La_Paz,Departamentos/07_Itapua/La_Paz,done,done,done,done,done,done,done,done,done,done,done,done,done,done,"Midia validada (3 arquivos), redacao final publicada e QA local aprovado (GSS 5.4)."
07_Itapua-Mayor_Otano,07_Itapua,Mayor_Otano,Departamentos/07_Itapua/Mayor_Otano,done,done,done,done,done,done,done,done,done,done,done,done,done,done,"Midia validada (3 arquivos), redacao final publicada e QA local aprovado (GSS 6.5)."
07_Itapua-Natalio,07_Itapua,Natalio,Departamentos/07_Itapua/Natalio,done,done,done,done,done,done,done,done,done,done,done,done,done,done,"Midia validada (3 arquivos), redacao final publicada e QA local aprovado (GSS 7.7)."
07_Itapua-Nueva_Alborada,07_Itapua,Nueva_Alborada,Departamentos/07_Itapua/Nueva_Alborada,done,done,done,done,done,done,done,done,done,done,done,done,done,done,"Midia validada (3 arquivos), redacao final publicada e QA local aprovado (GSS 7.4)."
07_Itapua-Obligado,07_Itapua,Obligado,Departamentos/07_Itapua/Obligado,done,done,done,done,done,done,done,done,done,done,done,done,done,done,"Midia validada (3 arquivos), redacao final publicada e QA local aprovado (GSS 6.3)."
07_Itapua-Pirapo,07_Itapua,Pirapo,Departamentos/07_Itapua/Pirapo,done,done,done,done,done,done,done,done,done,done,done,done,done,done,"Midia validada (3 arquivos), redacao final publicada e QA local aprovado (GSS 5.5)."
07_Itapua-San_Cosme_y_Damian,07_Itapua,San_Cosme_y_Damian,Departamentos/07_Itapua/San_Cosme_y_Damian,done,done,done,done,done,done,done,done,done,done,done,done,done,done,"Midia validada (3 arquivos), redacao final publicada e QA local aprovado (GSS 6.8)."
07_Itapua-San_Juan_del_Parana,07_Itapua,San_Juan_del_Parana,Departamentos/07_Itapua/San_Juan_del_Parana,done,done,done,done,done,done,done,done,done,done,done,done,done,done,"Midia validada (3 arquivos), redacao final publicada e QA local aprovado (GSS 5.7)."
07_Itapua-San_Pedro_del_Parana,07_Itapua,San_Pedro_del_Parana,Departamentos/07_Itapua/San_Pedro_del_Parana,done,done,done,done,done,done,done,done,done,done,done,done,done,done,"Midia validada (3 arquivos), redacao final publicada e QA local aprovado (GSS 6.2)."
07_Itapua-San_Rafael_del_Parana,07_Itapua,San_Rafael_del_Parana,Departamentos/07_Itapua/San_Rafael_del_Parana,done,done,done,done,done,done,done,done,done,done,done,done,done,done,"Midia validada (3 arquivos), redacao final publicada e QA local aprovado (GSS 7.0)."
07_Itapua-Tomas_Romero_Pereira,07_Itapua,Tomas_Romero_Pereira,Departamentos/07_Itapua/Tomas_Romero_Pereira,done,done,done,done,done,done,done,done,done,done,done,done,done,done,"Midia validada (3 arquivos), redacao final publicada e QA local aprovado (GSS 7.3)."
07_Itapua-Trinidad,07_Itapua,Trinidad,Departamentos/07_Itapua/Trinidad,done,done,done,done,done,done,done,done,done,done,done,done,done,done,"Midia validada (3 arquivos), redacao final publicada e QA local aprovado (GSS 6.9)."
07_Itapua-Yatytay,07_Itapua,Yatytay,Departamentos/07_Itapua/Yatytay,done,done,done,done,done,done,done,done,done,done,done,done,done,done,"Midia validada (3 arquivos), redacao final publicada e QA local aprovado (GSS 7.5)."
08_Misiones-Ayolas,08_Misiones,Ayolas,Departamentos/08_Misiones/Ayolas,done,done,done,done,done,done,done,done,done,done,done,done,done,done,"Midia validada (3 arquivos), redacao final publicada e QA local aprovado (GSS 7.3)."
08_Misiones-San_Ignacio,08_Misiones,San_Ignacio,Departamentos/08_Misiones/San_Ignacio,done,done,done,done,done,done,done,done,done,done,done,done,done,done,"Midia validada (3 arquivos), redacao final publicada e QA local aprovado (GSS 6.7)."
08_Misiones-San_Juan_Bautista,08_Misiones,San_Juan_Bautista,Departamentos/08_Misiones/San_Juan_Bautista,done,done,done,done,done,done,done,done,done,done,done,done,done,done,"Midia validada (3 arquivos), redacao final publicada e QA local aprovado (GSS 6.9)."
08_Misiones-San_Miguel,08_Misiones,San_Miguel,Departamentos/08_Misiones/San_Miguel,done,done,done,done,done,done,done,done,done,done,done,done,done,done,"Midia validada (3 arquivos), redacao final publicada e QA local aprovado (GSS 7.2)."
08_Misiones-San_Patricio,08_Misiones,San_Patricio,Departamentos/08_Misiones/San_Patricio,done,done,done,done,done,done,done,done,done,done,done,done,done,done,"Midia validada (3 arquivos), redacao final publicada e QA local aprovado (GSS 7.7)."
08_Misiones-Santa_Maria,08_Misiones,Santa_Maria,Departamentos/08_Misiones/Santa_Maria,done,done,done,done,done,done,done,done,done,done,done,done,done,done,"Midia validada (3 arquivos), redacao final publicada e QA local aprovado (GSS 6.1)."
08_Misiones-Santa_Rosa,08_Misiones,Santa_Rosa,Departamentos/08_Misiones/Santa_Rosa,done,done,done,done,done,done,done,done,done,done,done,done,done,done,"Midia validada (3 arquivos), redacao final publicada e QA local aprovado (GSS 7.1)."
08_Misiones-Santiago,08_Misiones,Santiago,Departamentos/08_Misiones/Santiago,done,done,done,done,done,done,done,done,done,done,done,done,done,done,"Midia validada (3 arquivos), redacao final publicada e QA local aprovado (GSS 5.9)."
08_Misiones-Villa_Florida,08_Misiones,Villa_Florida,Departamentos/08_Misiones/Villa_Florida,done,done,done,done,done,done,done,done,done,done,done,done,done,done,"Midia validada (3 arquivos), redacao final publicada e QA local aprovado (GSS 6.7)."
08_Misiones-Yabebyry,08_Misiones,Yabebyry,Departamentos/08_Misiones/Yabebyry,done,done,done,done,done,done,done,done,done,done,done,done,done,done,"Midia validada (3 arquivos), redacao final publicada e QA local aprovado (GSS 7.2)."
09_Paraguari-Acahay,09_Paraguari,Acahay,Departamentos/09_Paraguari/Acahay,done,done,done,done,done,done,done,done,done,done,done,done,done,done,"Midia validada (3 arquivos), redacao final publicada e QA local aprovado (GSS 8.1)."
09_Paraguari-Caapucu,09_Paraguari,Caapucu,Departamentos/09_Paraguari/Caapucu,done,done,done,done,done,done,done,done,done,done,done,done,done,done,"Midia validada (3 arquivos), redacao final publicada e QA local aprovado (GSS 6.5)."
09_Paraguari-Caballero,09_Paraguari,Caballero,Departamentos/09_Paraguari/Caballero,done,done,done,done,done,done,done,done,done,done,done,done,done,done,"Midia validada (3 arquivos), redacao final publicada e QA local aprovado (GSS 6.4)."
09_Paraguari-Carapegua,09_Paraguari,Carapegua,Departamentos/09_Paraguari/Carapegua,done,done,done,done,done,done,done,done,done,done,done,done,done,done,"Midia validada (3 arquivos), redacao final publicada e QA local aprovado (GSS 7.0)."
09_Paraguari-Escobar,09_Paraguari,Escobar,Departamentos/09_Paraguari/Escobar,done,done,done,done,done,done,done,done,done,done,done,done,done,done,"Midia validada (3 arquivos), redacao final publicada e QA local aprovado (GSS 7.6)."
09_Paraguari-General_Bernardino_Caballero,09_Paraguari,General_Bernardino_Caballero,Departamentos/09_Paraguari/General_Bernardino_Caballero,done,done,done,done,done,done,done,done,done,done,done,done,done,done,"Midia validada (3 arquivos), redacao final publicada e QA local aprovado (GSS 5.7)."
09_Paraguari-La_Colmena,09_Paraguari,La_Colmena,Departamentos/09_Paraguari/La_Colmena,done,done,done,done,done,done,done,done,done,done,done,done,done,done,"Midia validada (3 arquivos), redacao final publicada e QA local aprovado (GSS 6.0)."
09_Paraguari-Mbuyapey,09_Paraguari,Mbuyapey,Departamentos/09_Paraguari/Mbuyapey,done,done,done,done,done,done,done,done,done,done,done,done,done,done,"Midia validada (3 arquivos), redacao final publicada e QA local aprovado (GSS 7.1)."
09_Paraguari-Paraguari,09_Paraguari,Paraguari,Departamentos/09_Paraguari/Paraguari,done,done,done,done,done,done,done,done,done,done,done,done,done,done,"Midia validada (3 arquivos), redacao final publicada e QA local aprovado (GSS 6.7)."
09_Paraguari-Pirayu,09_Paraguari,Pirayu,Departamentos/09_Paraguari/Pirayu,done,done,done,done,done,done,done,done,done,done,done,done,done,done,"Midia validada (3 arquivos), redacao final publicada e QA local aprovado (GSS 6.2)."
09_Paraguari-Quiindy,09_Paraguari,Quiindy,Departamentos/09_Paraguari/Quiindy,done,done,done,done,done,done,done,done,done,done,done,done,done,done,"Midia validada (3 arquivos), redacao final publicada e QA local aprovado (GSS 8.5)."
09_Paraguari-Quyquyho,09_Paraguari,Quyquyho,Departamentos/09_Paraguari/Quyquyho,done,done,done,done,done,done,done,done,done,done,done,done,done,done,"Midia validada (3 arquivos), redacao final publicada e QA local aprovado (GSS 7.3)."
09_Paraguari-San_Roque_Gonzalez,09_Paraguari,San_Roque_Gonzalez,Departamentos/09_Paraguari/San_Roque_Gonzalez,done,done,done,done,done,done,done,done,done,done,done,done,done,done,"Midia validada (3 arquivos), redacao final publicada e QA local aprovado (GSS 7.9)."
09_Paraguari-Sapucai,09_Paraguari,Sapucai,Departamentos/09_Paraguari/Sapucai,done,done,done,done,done,done,done,done,done,done,done,done,done,done,"Midia validada (3 arquivos), redacao final publicada e QA local aprovado (GSS 7.4)."
09_Paraguari-Tebicuary_mi,09_Paraguari,Tebicuary_mi,Departamentos/09_Paraguari/Tebicuary_mi,done,done,done,done,done,done,done,done,done,done,done,done,done,done,"Midia validada (3 arquivos), redacao final publicada e QA local aprovado (GSS 7.4)."
09_Paraguari-Yaguarun,09_Paraguari,Yaguarun,Departamentos/09_Paraguari/Yaguarun,done,done,done,done,done,done,done,done,done,done,done,done,done,done,"Midia validada (3 arquivos), redacao final publicada e QA local aprovado (GSS 8.5)."
09_Paraguari-Ybycui,09_Paraguari,Ybycui,Departamentos/09_Paraguari/Ybycui,done,done,done,done,done,done,done,done,done,done,done,done,done,done,"Midia validada (3 arquivos), redacao final publicada e QA local aprovado (GSS 5.5)."
09_Paraguari-Ybytimi,09_Paraguari,Ybytimi,Departamentos/09_Paraguari/Ybytimi,done,done,done,done,done,done,done,done,done,done,done,done,done,done,"Midia validada (3 arquivos), redacao final publicada e QA local aprovado (GSS 7.7)."
10_Alto_Parana-Ciudad_del_Este,10_Alto_Parana,Ciudad_del_Este,Departamentos/10_Alto_Parana/Ciudad_del_Este,done,done,done,done,done,done,done,done,done,done,done,done,done,done,"Midia validada (3 arquivos), redacao final publicada e QA local aprovado (GSS 6.0)."
10_Alto_Parana-Doctor_Raul_Pena,10_Alto_Parana,Doctor_Raul_Pena,Departamentos/10_Alto_Parana/Doctor_Raul_Pena,done,done,done,done,done,done,done,done,done,done,done,done,done,done,"Midia validada (3 arquivos), redacao final publicada e QA local aprovado (GSS 5.6)."
10_Alto_Parana-Domingo_Martinez_de_Irala,10_Alto_Parana,Domingo_Martinez_de_Irala,Departamentos/10_Alto_Parana/Domingo_Martinez_de_Irala,done,done,done,done,done,done,done,done,done,done,done,done,done,done,"Midia validada (3 arquivos), redacao final publicada e QA local aprovado (GSS 7.9)."
10_Alto_Parana-Hernandarias,10_Alto_Parana,Hernandarias,Departamentos/10_Alto_Parana/Hernandarias,done,done,done,done,done,done,done,done,done,done,done,done,done,done,"Midia validada (3 arquivos), redacao final publicada e QA local aprovado (GSS 8.0)."
10_Alto_Parana-Iruna,10_Alto_Parana,Iruna,Departamentos/10_Alto_Parana/Iruna,done,done,done,done,done,done,done,done,done,done,done,done,done,done,"Midia validada (3 arquivos), redacao final publicada e QA local aprovado (GSS 6.1)."
10_Alto_Parana-Itakyry,10_Alto_Parana,Itakyry,Departamentos/10_Alto_Parana/Itakyry,done,done,done,done,done,done,done,done,done,done,done,done,done,done,"Midia validada (3 arquivos), redacao final publicada e QA local aprovado (GSS 6.4)."
10_Alto_Parana-Juan_Emilio_OLeary,10_Alto_Parana,Juan_Emilio_OLeary,Departamentos/10_Alto_Parana/Juan_Emilio_OLeary,done,done,done,done,done,done,done,done,done,done,done,done,done,done,"Midia validada (3 arquivos), redacao final publicada e QA local aprovado (GSS 6.7)."
10_Alto_Parana-Juan_Leon_Mallorquin,10_Alto_Parana,Juan_Leon_Mallorquin,Departamentos/10_Alto_Parana/Juan_Leon_Mallorquin,done,done,done,done,done,done,done,done,done,done,done,done,done,done,"Midia validada (3 arquivos), redacao final publicada e QA local aprovado (GSS 6.3)."
10_Alto_Parana-Los_Cedrales,10_Alto_Parana,Los_Cedrales,Departamentos/10_Alto_Parana/Los_Cedrales,done,done,done,done,done,done,done,done,done,done,done,done,done,done,"Midia validada (3 arquivos), redacao final publicada e QA local aprovado (GSS 7.0)."
10_Alto_Parana-Mbaracayu,10_Alto_Parana,Mbaracayu,Departamentos/10_Alto_Parana/Mbaracayu,done,done,done,done,done,done,done,done,done,done,done,done,done,done,"Midia validada (3 arquivos), redacao final publicada e QA local aprovado (GSS 6.6)."
10_Alto_Parana-Minga_Guazu,10_Alto_Parana,Minga_Guazu,Departamentos/10_Alto_Parana/Minga_Guazu,done,done,done,done,done,done,done,done,done,done,done,done,done,done,"Midia validada (3 arquivos), redacao final publicada e QA local aprovado (GSS 6.0)."
10_Alto_Parana-Minga_Pora,10_Alto_Parana,Minga_Pora,Departamentos/10_Alto_Parana/Minga_Pora,done,done,done,done,done,done,done,done,done,done,done,done,done,done,"Midia validada (3 arquivos), redacao final publicada e QA local aprovado (GSS 7.5)."
10_Alto_Parana-Nacunday,10_Alto_Parana,Nacunday,Departamentos/10_Alto_Parana/Nacunday,done,done,done,done,done,done,done,done,done,done,done,done,done,done,"Midia validada (3 arquivos), redacao final publicada e QA local aprovado (GSS 6.4)."
10_Alto_Parana-Naranjal,10_Alto_Parana,Naranjal,Departamentos/10_Alto_Parana/Naranjal,done,done,done,done,done,done,done,done,done,done,done,done,done,done,"Midia validada (3 arquivos), redacao final publicada e QA local aprovado (GSS 6.8)."
10_Alto_Parana-Presidente_Franco,10_Alto_Parana,Presidente_Franco,Departamentos/10_Alto_Parana/Presidente_Franco,done,done,done,done,done,done,done,done,done,done,done,done,done,done,"Midia validada (3 arquivos), redacao final publicada e QA local aprovado (GSS 7.7)."
10_Alto_Parana-San_Alberto,10_Alto_Parana,San_Alberto,Departamentos/10_Alto_Parana/San_Alberto,done,done,done,done,done,done,done,done,done,done,done,done,done,done,"Midia validada (3 arquivos), redacao final publicada e QA local aprovado (GSS 8.0)."
10_Alto_Parana-San_Cristobal,10_Alto_Parana,San_Cristobal,Departamentos/10_Alto_Parana/San_Cristobal,done,done,done,done,done,done,done,done,done,done,done,done,done,done,"Midia validada (3 arquivos), redacao final publicada e QA local aprovado (GSS 7.5)."
10_Alto_Parana-Santa_Fe_del_Parana,10_Alto_Parana,Santa_Fe_del_Parana,Departamentos/10_Alto_Parana/Santa_Fe_del_Parana,done,done,done,done,done,done,done,done,done,done,done,done,done,done,"Midia validada (3 arquivos), redacao final publicada e QA local aprovado (GSS 7.0)."
10_Alto_Parana-Santa_Rita,10_Alto_Parana,Santa_Rita,Departamentos/10_Alto_Parana/Santa_Rita,done,done,done,done,done,done,done,done,done,done,done,done,done,done,"Midia validada (3 arquivos), redacao final publicada e QA local aprovado (GSS 6.7)."
10_Alto_Parana-Santa_Rosa_del_Monday,10_Alto_Parana,Santa_Rosa_del_Monday,Departamentos/10_Alto_Parana/Santa_Rosa_del_Monday,done,done,done,done,done,done,done,done,done,done,done,done,done,done,"Midia validada (3 arquivos), redacao final publicada e QA local aprovado (GSS 8.2)."
10_Alto_Parana-Tavapy,10_Alto_Parana,Tavapy,Departamentos/10_Alto_Parana/Tavapy,done,done,done,done,done,done,done,done,done,done,done,done,done,done,"Midia validada (3 arquivos), redacao final publicada e QA local aprovado (GSS 7.3)."
10_Alto_Parana-Yguazu,10_Alto_Parana,Yguazu,Departamentos/10_Alto_Parana/Yguazu,done,done,done,done,done,done,done,done,done,done,done,done,done,done,"Midia validada (3 arquivos), redacao final publicada e QA local aprovado (GSS 5.4)."
11_Central-Aregua,11_Central,Aregua,Departamentos/11_Central/Aregua,done,done,done,done,done,done,done,done,done,done,done,done,done,done,"Midia validada (3 arquivos), redacao final publicada e QA local aprovado (GSS 5.9)."
11_Central-Capiata,11_Central,Capiata,Departamentos/11_Central/Capiata,done,done,done,done,done,done,done,done,done,done,done,done,done,done,"Midia validada (3 arquivos), redacao final publicada e QA local aprovado (GSS 7.1)."
11_Central-Fernando_de_la_Mora,11_Central,Fernando_de_la_Mora,Departamentos/11_Central/Fernando_de_la_Mora,done,done,done,done,done,done,done,done,done,done,done,done,done,done,"Midia validada (3 arquivos), redacao final publicada e QA local aprovado (GSS 6.9)."
11_Central-Guarambare,11_Central,Guarambare,Departamentos/11_Central/Guarambare,done,done,done,done,done,done,done,done,done,done,done,done,done,done,"Midia validada (3 arquivos), redacao final publicada e QA local aprovado (GSS 6.4)."
11_Central-Ita,11_Central,Ita,Departamentos/11_Central/Ita,done,done,done,done,done,done,done,done,done,done,done,done,done,done,"Midia validada (3 arquivos), redacao final publicada e QA local aprovado (GSS 6.0)."
11_Central-Itaugua,11_Central,Itaugua,Departamentos/11_Central/Itaugua,done,done,done,done,done,done,done,done,done,done,done,done,done,done,"Midia validada (3 arquivos), redacao final publicada e QA local aprovado (GSS 7.4)."
11_Central-J_Augusto_Saldivar,11_Central,J_Augusto_Saldivar,Departamentos/11_Central/J_Augusto_Saldivar,done,done,done,done,done,done,done,done,done,done,done,done,done,done,"Midia validada (3 arquivos), redacao final publicada e QA local aprovado (GSS 6.8)."
11_Central-Lambare,11_Central,Lambare,Departamentos/11_Central/Lambare,done,done,done,done,done,done,done,done,done,done,done,done,done,done,"Midia validada (3 arquivos), redacao final publicada e QA local aprovado (GSS 7.3)."
11_Central-Limpio,11_Central,Limpio,Departamentos/11_Central/Limpio,done,done,done,done,done,done,done,done,done,done,done,done,done,done,"Midia validada (3 arquivos), redacao final publicada e QA local aprovado (GSS 6.5)."
11_Central-Luque,11_Central,Luque,Departamentos/11_Central/Luque,done,done,done,done,done,done,done,done,done,done,done,done,done,done,"Midia validada (3 arquivos), redacao final publicada e QA local aprovado (GSS 6.7)."
11_Central-Mariano_Roque_Alonso,11_Central,Mariano_Roque_Alonso,Departamentos/11_Central/Mariano_Roque_Alonso,done,done,done,done,done,done,done,done,done,done,done,done,done,done,"Midia validada (3 arquivos), redacao final publicada e QA local aprovado (GSS 6.3)."
11_Central-Nemby,11_Central,Nemby,Departamentos/11_Central/Nemby,done,done,done,done,done,done,done,done,done,done,done,done,done,done,"Midia validada (3 arquivos), redacao final publicada e QA local aprovado (GSS 7.5)."
11_Central-Nueva_Italia,11_Central,Nueva_Italia,Departamentos/11_Central/Nueva_Italia,done,done,done,done,done,done,done,done,done,done,done,done,done,done,"Midia validada (3 arquivos), redacao final publicada e QA local aprovado (GSS 6.1)."
11_Central-San_Antonio,11_Central,San_Antonio,Departamentos/11_Central/San_Antonio,done,done,done,done,done,done,done,done,done,done,done,done,done,done,"Midia validada (3 arquivos), redacao final publicada e QA local aprovado (GSS 5.5)."
11_Central-San_Lorenzo,11_Central,San_Lorenzo,Departamentos/11_Central/San_Lorenzo,done,done,done,done,done,done,done,done,done,done,done,done,done,done,"Midia validada (3 arquivos), redacao final publicada e QA local aprovado (GSS 6.1)."
11_Central-Villa_Elisa,11_Central,Villa_Elisa,Departamentos/11_Central/Villa_Elisa,done,done,done,done,done,done,done,done,done,done,done,done,done,done,"Midia validada (3 arquivos), redacao final publicada e QA local aprovado (GSS 7.1)."
11_Central-Villeta,11_Central,Villeta,Departamentos/11_Central/Villeta,done,done,done,done,done,done,done,done,done,done,done,done,done,done,"Midia validada (3 arquivos), redacao final publicada e QA local aprovado (GSS 7.7)."
11_Central-Ypacarai,11_Central,Ypacarai,Departamentos/11_Central/Ypacarai,done,done,done,done,done,done,done,done,done,done,done,done,done,done,"Midia validada (3 arquivos), redacao final publicada e QA local aprovado (GSS 6.4)."
11_Central-Ypane,11_Central,Ypane,Departamentos/11_Central/Ypane,done,done,done,done,done,done,done,done,done,done,done,done,done,done,"Midia validada (3 arquivos), redacao final publicada e QA local aprovado (GSS 5.9)."
12_Neembucu-Alberdi,12_Neembucu,Alberdi,Departamentos/12_Neembucu/Alberdi,done,done,done,done,done,done,done,done,done,done,done,done,done,done,"Midia validada (3 arquivos), redacao final publicada e QA local aprovado (GSS 6.9)."
12_Neembucu-Cerrito,12_Neembucu,Cerrito,Departamentos/12_Neembucu/Cerrito,done,done,done,done,done,done,done,done,done,done,done,done,done,done,"Midia validada (3 arquivos), redacao final publicada e QA local aprovado (GSS 7.1)."
12_Neembucu-Desmochados,12_Neembucu,Desmochados,Departamentos/12_Neembucu/Desmochados,done,done,done,done,done,done,done,done,done,done,done,done,done,done,"Midia validada (3 arquivos), redacao final publicada e QA local aprovado (GSS 7.5)."
12_Neembucu-General_Diaz,12_Neembucu,General_Diaz,Departamentos/12_Neembucu/General_Diaz,done,done,done,done,done,done,done,done,done,done,done,done,done,done,"Midia validada (3 arquivos), redacao final publicada e QA local aprovado (GSS 6.5)."
12_Neembucu-Guazu_Cua,12_Neembucu,Guazu_Cua,Departamentos/12_Neembucu/Guazu_Cua,done,done,done,done,done,done,done,done,done,done,done,done,done,done,"Midia validada (3 arquivos), redacao final publicada e QA local aprovado (GSS 6.4)."
12_Neembucu-Humaita,12_Neembucu,Humaita,Departamentos/12_Neembucu/Humaita,done,done,done,done,done,done,done,done,done,done,done,done,done,done,"Midia validada (3 arquivos), redacao final publicada e QA local aprovado (GSS 7.9)."
12_Neembucu-Isla_Umbu,12_Neembucu,Isla_Umbu,Departamentos/12_Neembucu/Isla_Umbu,done,done,done,done,done,done,done,done,done,done,done,done,done,done,"Midia validada (3 arquivos), redacao final publicada e QA local aprovado (GSS 8.6)."
12_Neembucu-Laureles,12_Neembucu,Laureles,Departamentos/12_Neembucu/Laureles,done,done,done,done,done,done,done,done,done,done,done,done,done,done,"Midia validada (3 arquivos), redacao final publicada e QA local aprovado (GSS 5.5)."
12_Neembucu-Mayor_Martinez,12_Neembucu,Mayor_Martinez,Departamentos/12_Neembucu/Mayor_Martinez,done,done,done,done,done,done,done,done,done,done,done,done,done,done,"Midia validada (3 arquivos), redacao final publicada e QA local aprovado (GSS 7.3)."
12_Neembucu-Paso_de_Patria,12_Neembucu,Paso_de_Patria,Departamentos/12_Neembucu/Paso_de_Patria,done,done,done,done,done,done,done,done,done,done,done,done,done,done,"Midia validada (3 arquivos), redacao final publicada e QA local aprovado (GSS 6.3)."
12_Neembucu-Pilar,12_Neembucu,Pilar,Departamentos/12_Neembucu/Pilar,done,done,done,done,done,done,done,done,done,done,done,done,done,done,"Midia validada (3 arquivos), redacao final publicada e QA local aprovado (GSS 7.7)."
12_Neembucu-San_Juan_del_Neembucu,12_Neembucu,San_Juan_del_Neembucu,Departamentos/12_Neembucu/San_Juan_del_Neembucu,done,done,done,done,done,done,done,done,done,done,done,done,done,done,"Midia validada (3 arquivos), redacao final publicada e QA local aprovado (GSS 7.7)."
12_Neembucu-Tacuaras,12_Neembucu,Tacuaras,Departamentos/12_Neembucu/Tacuaras,done,done,done,done,done,done,done,done,done,done,done,done,done,done,"Midia validada (3 arquivos), redacao final publicada e QA local aprovado (GSS 6.3)."
12_Neembucu-Villa_Franca,12_Neembucu,Villa_Franca,Departamentos/12_Neembucu/Villa_Franca,done,done,done,done,done,done,done,done,done,done,done,done,done,done,"Midia validada (3 arquivos), redacao final publicada e QA local aprovado (GSS 6.7)."
12_Neembucu-Villa_Oliva,12_Neembucu,Villa_Oliva,Departamentos/12_Neembucu/Villa_Oliva,done,done,done,done,done,done,done,done,done,done,done,done,done,done,"Midia validada (3 arquivos), redacao final publicada e QA local aprovado (GSS 6.8)."
12_Neembucu-Villalbin,12_Neembucu,Villalbin,Departamentos/12_Neembucu/Villalbin,done,done,done,done,done,done,done,done,done,done,done,done,done,done,"Midia validada (3 arquivos), redacao final publicada e QA local aprovado (GSS 6.0)."
13_Amambay-Bella_Vista,13_Amambay,Bella_Vista,Departamentos/13_Amambay/Bella_Vista,done,done,done,done,done,done,done,done,done,done,done,done,done,done,"Midia validada (3 arquivos), redacao final publicada e QA local aprovado (GSS 6.2)."
13_Amambay-Capitan_Bado,13_Amambay,Capitan_Bado,Departamentos/13_Amambay/Capitan_Bado,done,done,done,done,done,done,done,done,done,done,done,done,done,done,"Midia validada (3 arquivos), redacao final publicada e QA local aprovado (GSS 7.1)."
13_Amambay-Cerro_Cora,13_Amambay,Cerro_Cora,Departamentos/13_Amambay/Cerro_Cora,done,done,done,done,done,done,done,done,done,done,done,done,done,done,"Midia validada (3 arquivos), redacao final publicada e QA local aprovado (GSS 7.6)."
13_Amambay-Karapai,13_Amambay,Karapai,Departamentos/13_Amambay/Karapai,done,done,done,done,done,done,done,done,done,done,done,done,done,done,"Midia validada (3 arquivos), redacao final publicada e QA local aprovado (GSS 6.8)."
13_Amambay-Pedro_Juan_Caballero,13_Amambay,Pedro_Juan_Caballero,Departamentos/13_Amambay/Pedro_Juan_Caballero,done,done,done,done,done,done,done,done,done,done,done,done,done,done,"Midia validada (3 arquivos), redacao final publicada e QA local aprovado (GSS 7.8)."
13_Amambay-Zanja_Pyta,13_Amambay,Zanja_Pyta,Departamentos/13_Amambay/Zanja_Pyta,done,done,done,done,done,done,done,done,done,done,done,done,done,done,"Midia validada (3 arquivos), redacao final publicada e QA local aprovado (GSS 7.7)."
14_Canindeyu-Corpus_Christi,14_Canindeyu,Corpus_Christi,Departamentos/14_Canindeyu/Corpus_Christi,done,done,done,done,done,done,done,done,done,done,done,done,done,done,"Midia validada (3 arquivos), redacao final publicada e QA local aprovado (GSS 7.0)."
14_Canindeyu-Curuguaty,14_Canindeyu,Curuguaty,Departamentos/14_Canindeyu/Curuguaty,done,done,done,done,done,done,done,done,done,done,done,done,done,done,"Midia validada (3 arquivos), redacao final publicada e QA local aprovado (GSS 6.8)."
14_Canindeyu-General_Caballero_Alvarez,14_Canindeyu,General_Caballero_Alvarez,Departamentos/14_Canindeyu/General_Caballero_Alvarez,done,done,done,done,done,done,done,done,done,done,done,done,done,done,"Midia validada (3 arquivos), redacao final publicada e QA local aprovado (GSS 6.3)."
14_Canindeyu-Itanara,14_Canindeyu,Itanara,Departamentos/14_Canindeyu/Itanara,done,done,done,done,done,done,done,done,done,done,done,done,done,done,"Midia validada (3 arquivos), redacao final publicada e QA local aprovado (GSS 6.6)."
14_Canindeyu-Katuete,14_Canindeyu,Katuete,Departamentos/14_Canindeyu/Katuete,done,done,done,done,done,done,done,done,done,done,done,done,done,done,"Midia validada (3 arquivos), redacao final publicada e QA local aprovado (GSS 7.5)."
14_Canindeyu-La_Paloma,14_Canindeyu,La_Paloma,Departamentos/14_Canindeyu/La_Paloma,done,done,done,done,done,done,done,done,done,done,done,done,done,done,"Midia validada (3 arquivos), redacao final publicada e QA local aprovado (GSS 7.2)."
14_Canindeyu-Laurel,14_Canindeyu,Laurel,Departamentos/14_Canindeyu/Laurel,done,done,done,done,done,done,done,done,done,done,done,done,done,done,"Midia validada (3 arquivos), redacao final publicada e QA local aprovado (GSS 6.5)."
14_Canindeyu-Maracana,14_Canindeyu,Maracana,Departamentos/14_Canindeyu/Maracana,done,done,done,done,done,done,done,done,done,done,done,done,done,done,"Midia validada (3 arquivos), redacao final publicada e QA local aprovado (GSS 7.6)."
14_Canindeyu-Nueva_Esperanza,14_Canindeyu,Nueva_Esperanza,Departamentos/14_Canindeyu/Nueva_Esperanza,done,done,done,done,done,done,done,done,done,done,done,done,done,done,"Midia validada (3 arquivos), redacao final publicada e QA local aprovado (GSS 8.1)."
14_Canindeyu-Puerto_Adela,14_Canindeyu,Puerto_Adela,Departamentos/14_Canindeyu/Puerto_Adela,done,done,done,done,done,done,done,done,done,done,done,done,done,done,"Midia validada (3 arquivos), redacao final publicada e QA local aprovado (GSS 6.7)."
14_Canindeyu-Salto_del_Guaira,14_Canindeyu,Salto_del_Guaira,Departamentos/14_Canindeyu/Salto_del_Guaira,done,done,done,done,done,done,done,done,done,done,done,done,done,done,"Midia validada (3 arquivos), redacao final publicada e QA local aprovado (GSS 6.3)."
14_Canindeyu-Villa_Ygatimi,14_Canindeyu,Villa_Ygatimi,Departamentos/14_Canindeyu/Villa_Ygatimi,done,done,done,done,done,done,done,done,done,done,done,done,done,done,"Midia validada (3 arquivos), redacao final publicada e QA local aprovado (GSS 7.0)."
14_Canindeyu-Yasy_Cany,14_Canindeyu,Yasy_Cany,Departamentos/14_Canindeyu/Yasy_Cany,done,done,done,done,done,done,done,done,done,done,done,done,done,done,"Midia validada (3 arquivos), redacao final publicada e QA local aprovado (GSS 7.4)."
14_Canindeyu-Yby_Pyta,14_Canindeyu,Yby_Pyta,Departamentos/14_Canindeyu/Yby_Pyta,done,done,done,done,done,done,done,done,done,done,done,done,done,done,"Midia validada (3 arquivos), redacao final publicada e QA local aprovado (GSS 6.5)."
14_Canindeyu-Ybyrarovana,14_Canindeyu,Ybyrarovana,Departamentos/14_Canindeyu/Ybyrarovana,done,done,done,done,done,done,done,done,done,done,done,done,done,done,"Midia validada (3 arquivos), redacao final publicada e QA local aprovado (GSS 5.7)."
14_Canindeyu-Ypejhu,14_Canindeyu,Ypejhu,Departamentos/14_Canindeyu/Ypejhu,done,done,done,done,done,done,done,done,done,done,done,done,done,done,"Midia validada (3 arquivos), redacao final publicada e QA local aprovado (GSS 7.5)."
15_Presidente_Hayes-Benjamin_Aceval,15_Presidente_Hayes,Benjamin_Aceval,Departamentos/15_Presidente_Hayes/Benjamin_Aceval,done,done,done,done,done,done,done,done,done,done,done,done,done,done,"Midia validada (3 arquivos), redacao final publicada e QA local aprovado (GSS 8.2)."
15_Presidente_Hayes-Campo_Aceval,15_Presidente_Hayes,Campo_Aceval,Departamentos/15_Presidente_Hayes/Campo_Aceval,done,done,done,done,done,done,done,done,done,done,done,done,done,done,"Midia validada (3 arquivos), redacao final publicada e QA local aprovado (GSS 7.7)."
15_Presidente_Hayes-General_Bruguez,15_Presidente_Hayes,General_Bruguez,Departamentos/15_Presidente_Hayes/General_Bruguez,done,done,done,done,done,done,done,done,done,done,done,done,done,done,"Midia validada (3 arquivos), redacao final publicada e QA local aprovado (GSS 7.2)."
15_Presidente_Hayes-Jose_Falcon,15_Presidente_Hayes,Jose_Falcon,Departamentos/15_Presidente_Hayes/Jose_Falcon,done,done,done,done,done,done,done,done,done,done,done,done,done,done,"Midia validada (3 arquivos), redacao final publicada e QA local aprovado (GSS 7.2)."
15_Presidente_Hayes-Nanawa,15_Presidente_Hayes,Nanawa,Departamentos/15_Presidente_Hayes/Nanawa,done,done,done,done,done,done,done,done,done,done,done,done,done,done,"Midia validada (3 arquivos), redacao final publicada e QA local aprovado (GSS 5.8)."
15_Presidente_Hayes-Nueva_Asuncion,15_Presidente_Hayes,Nueva_Asuncion,Departamentos/15_Presidente_Hayes/Nueva_Asuncion,done,done,done,done,done,done,done,done,done,done,done,done,done,done,"Midia validada (3 arquivos), redacao final publicada e QA local aprovado (GSS 6.1)."
15_Presidente_Hayes-Puerto_Pinasco,15_Presidente_Hayes,Puerto_Pinasco,Departamentos/15_Presidente_Hayes/Puerto_Pinasco,done,done,done,done,done,done,done,done,done,done,done,done,done,done,"Midia validada (3 arquivos), redacao final publicada e QA local aprovado (GSS 7.4)."
15_Presidente_Hayes-Teniente_Esteban_Martinez,15_Presidente_Hayes,Teniente_Esteban_Martinez,Departamentos/15_Presidente_Hayes/Teniente_Esteban_Martinez,done,done,done,done,done,done,done,done,done,done,done,done,done,done,"Midia validada (3 arquivos), redacao final publicada e QA local aprovado (GSS 6.3)."
15_Presidente_Hayes-Teniente_Irala_Fernandez,15_Presidente_Hayes,Teniente_Irala_Fernandez,Departamentos/15_Presidente_Hayes/Teniente_Irala_Fernandez,done,done,done,done,done,done,done,done,done,done,done,done,done,done,"Midia validada (3 arquivos), redacao final publicada e QA local aprovado (GSS 6.7)."
15_Presidente_Hayes-Villa_Hayes,15_Presidente_Hayes,Villa_Hayes,Departamentos/15_Presidente_Hayes/Villa_Hayes,done,done,done,done,done,done,done,done,done,done,done,done,done,done,"Midia validada (3 arquivos), redacao final publicada e QA local aprovado (GSS 6.7)."
16_Boqueron-Boqueron,16_Boqueron,Boqueron,Departamentos/16_Boqueron/Boqueron,done,done,done,done,done,done,done,done,done,done,done,done,done,done,"Midia validada (3 arquivos), redacao final publicada e QA local aprovado (GSS 7.7)."
16_Boqueron-Filadelfia,16_Boqueron,Filadelfia,Departamentos/16_Boqueron/Filadelfia,done,done,done,done,done,done,done,done,done,done,done,done,done,done,"Midia validada (3 arquivos), redacao final publicada e QA local aprovado (GSS 7.2)."
16_Boqueron-Loma_Plata,16_Boqueron,Loma_Plata,Departamentos/16_Boqueron/Loma_Plata,done,done,done,done,done,done,done,done,done,done,done,done,done,done,"Midia validada (3 arquivos), redacao final publicada e QA local aprovado (GSS 6.1)."
16_Boqueron-Mariscal_Estigarribia,16_Boqueron,Mariscal_Estigarribia,Departamentos/16_Boqueron/Mariscal_Estigarribia,done,done,done,done,done,done,done,done,done,done,done,done,done,done,"Midia validada (3 arquivos), redacao final publicada e QA local aprovado (GSS 6.7)."
17_Alto_Paraguay-Bahia_Negra,17_Alto_Paraguay,Bahia_Negra,Departamentos/17_Alto_Paraguay/Bahia_Negra,done,done,done,done,done,done,done,done,done,done,done,done,done,done,"Midia validada (3 arquivos), redacao final publicada e QA local aprovado (GSS 6.5)."
17_Alto_Paraguay-Capitan_Carmelo_Peralta,17_Alto_Paraguay,Capitan_Carmelo_Peralta,Departamentos/17_Alto_Paraguay/Capitan_Carmelo_Peralta,done,done,done,done,done,done,done,done,done,done,done,done,done,done,"Midia validada (3 arquivos), redacao final publicada e QA local aprovado (GSS 6.8)."
17_Alto_Paraguay-Fuerte_Olimpo,17_Alto_Paraguay,Fuerte_Olimpo,Departamentos/17_Alto_Paraguay/Fuerte_Olimpo,done,done,done,done,done,done,done,done,done,done,done,done,done,done,"Midia validada (3 arquivos), redacao final publicada e QA local aprovado (GSS 8.1)."
17_Alto_Paraguay-Puerto_Casado,17_Alto_Paraguay,Puerto_Casado,Departamentos/17_Alto_Paraguay/Puerto_Casado,done,done,done,done,done,done,done,done,done,done,done,done,done,done,"Midia validada (3 arquivos), redacao final publicada e QA local aprovado (GSS 7.4)."
